E,time_factor,removal,T,iteration,obj_val,A,y_nonzero,time,zeta_nonzero,M,hitting_M
5,2,true,48,1,36160.873275500635,396,171,0.898542167,11662,1.0e7,false
5,2,true,48,2,36160.87327550064,599,176,0.114883959,11417,1.0e7,false
5,2,true,48,3,36160.87327550065,795,205,0.251416,11662,1.0e7,false
5,2,true,48,4,36160.873275500635,899,193,0.252956416,11662,1.0e7,false
5,2,true,48,5,36160.87327550064,1038,206,0.257324375,11662,1.0e7,false
5,2,true,48,6,36160.87327550069,1067,213,0.313966792,11662,1.0e7,false
5,2,true,48,7,36160.873275500686,1210,218,0.278979584,11662,1.0e7,false
5,2,true,48,8,36160.87327550064,1206,208,0.239600875,11662,1.0e7,false
5,2,true,48,9,36160.873275500606,1273,213,0.375039125,11662,1.0e7,false
5,2,true,48,10,36160.873275500635,1347,229,0.479169333,11662,1.0e7,false
5,2,true,48,11,36160.873275500664,1355,226,0.505384,11662,1.0e7,false
5,2,true,48,12,36160.87327550062,1384,233,0.480858167,11662,1.0e7,false
5,2,true,48,13,36160.87327550063,1414,212,0.475215,11662,1.0e7,false
5,2,true,48,14,36160.87327550062,1429,236,0.464230458,11662,1.0e7,false
5,2,true,48,15,36160.87327550062,1434,232,0.488673167,11662,1.0e7,false
5,2,true,48,16,36160.87327550062,1459,237,0.544865791,11662,1.0e7,false
5,2,true,48,17,36160.87327550061,1467,228,0.560741333,11662,1.0e7,false
5,2,true,48,18,36160.87327550065,1493,216,0.450850583,11662,1.0e7,false
5,2,true,48,19,36160.87327550065,1504,220,0.510674042,11662,1.0e7,false
5,2,true,48,20,36160.87327550066,1512,238,0.537435833,11662,1.0e7,false
5,2,true,48,21,36160.87327550063,1522,224,0.566283459,11662,1.0e7,false
5,2,true,48,22,36160.87327550061,1529,245,0.618765167,11662,1.0e7,false
5,2,true,48,23,36160.87327550061,1533,237,0.561858167,11662,1.0e7,false
5,2,true,48,24,36160.87327550063,1540,236,0.549448041,11662,1.0e7,false
5,2,true,48,25,36160.873275500686,1544,221,0.618263625,11662,1.0e7,false
5,2,true,48,26,36160.87327550063,1552,254,0.573585542,11662,1.0e7,false
5,2,true,48,27,36160.87327550063,1559,229,0.616952042,11662,1.0e7,false
5,2,true,48,28,36160.87327550064,1566,232,0.564256459,11662,1.0e7,false
5,2,true,48,29,36160.87327550065,1574,235,0.572225083,11662,1.0e7,false
5,2,true,48,30,36160.873275500635,1579,242,0.695143375,11662,1.0e7,false
5,2,true,48,31,36160.873275500664,1582,234,0.575471833,11662,1.0e7,false
5,2,true,48,32,36160.87327550063,1589,245,0.561148834,11662,1.0e7,false
5,2,true,48,33,36160.873275500664,1603,224,0.432381833,11662,1.0e7,false
5,2,true,48,34,36160.873275500635,1613,231,0.409987833,11662,1.0e7,false
5,2,true,48,35,36160.87327550066,1625,219,0.53222175,11662,1.0e7,false
5,2,true,48,36,36160.873275500635,1639,218,0.525400875,11662,1.0e7,false
5,2,true,48,37,36160.87327550064,1655,246,0.470543291,11662,1.0e7,false
5,2,true,48,38,36160.87327550064,1661,249,0.625497334,11662,1.0e7,false
5,2,true,48,39,36160.873275500664,1668,229,0.547429084,11662,1.0e7,false
5,2,true,48,40,36160.87327550065,1679,230,0.451676584,11662,1.0e7,false
5,2,true,48,41,36160.87327550066,1691,224,0.561743083,11662,1.0e7,false
5,2,true,48,42,36160.873275500606,1700,235,0.441584375,11662,1.0e7,false
5,2,true,48,43,36160.87327550063,1707,233,0.523787,11662,1.0e7,false
5,2,true,48,44,36160.87327550065,1712,236,0.514174125,11662,1.0e7,false
5,2,true,48,45,36160.87327550062,1720,227,0.451503041,11662,1.0e7,false
5,2,true,48,46,36160.87327550062,1728,225,0.511159,11662,1.0e7,false
5,2,true,48,47,36160.87327550068,1732,238,0.674099917,11662,1.0e7,false
5,2,true,48,48,36160.873275500635,1737,246,0.523932333,11662,1.0e7,false
5,2,true,48,49,36160.873275500686,1742,247,0.55030825,11662,1.0e7,false
5,2,true,48,50,36160.873275500635,1742,230,0.468615625,11662,1.0e7,false
5,2,true,48,51,36160.87327550066,1746,232,0.557965917,11662,1.0e7,false
5,2,true,48,52,36160.87327550066,1759,232,0.510543667,11662,1.0e7,false
5,2,true,48,53,36160.87327550062,1760,241,0.629802708,11662,1.0e7,false
5,2,true,48,54,36160.87327550067,1763,247,0.541227792,11662,1.0e7,false
5,2,true,48,55,36160.87327550068,1768,229,0.611193,11662,1.0e7,false
5,2,true,48,56,36160.87327550067,1772,224,0.508188792,11662,1.0e7,false
5,2,true,48,57,36160.87327550064,1773,230,0.542600125,11662,1.0e7,false
5,2,true,48,58,36160.87327550066,1775,230,0.52341925,11662,1.0e7,false
5,2,true,48,59,36160.87327550066,1775,237,0.543356583,11662,1.0e7,false
5,4,true,96,1,32874.594049299296,773,338,0.210567125,46075,1.0e7,false
5,4,true,96,2,32874.31522496504,720,349,0.383874792,43650,1.0e7,false
5,4,true,96,3,32874.31522496503,1142,340,0.294450541,42001,1.0e7,false
5,4,true,96,4,32874.31522496504,1560,357,0.445117583,45784,1.0e7,false
5,4,true,96,5,32874.31522496503,1905,389,0.770308542,45881,1.0e7,false
5,4,true,96,6,32874.315224965074,2269,393,1.280100375,45881,1.0e7,false
5,4,true,96,7,32874.31522496503,2621,402,1.072569458,45881,1.0e7,false
5,4,true,96,8,32874.315224965,2826,400,1.515980792,45881,1.0e7,false
5,4,true,96,9,32874.31522496503,2925,426,2.335970833,45881,1.0e7,false
5,4,true,96,10,32874.315224965016,3261,425,1.723259959,45881,1.0e7,false
5,4,true,96,11,32874.315224965074,3449,432,1.882282834,45881,1.0e7,false
5,4,true,96,12,32874.31522496507,3611,457,3.81433275,45978,1.0e7,false
5,4,true,96,13,32874.31522496501,3687,469,3.4209585,45881,1.0e7,false
5,4,true,96,14,32874.31522496504,3699,431,2.442773417,45881,1.0e7,false
5,4,true,96,15,32874.31522496505,3722,446,2.621272417,45881,1.0e7,false
5,4,true,96,16,32874.315224965016,3782,454,2.638629833,45881,1.0e7,false
5,4,true,96,17,32874.315224965,3801,457,2.717872584,45881,1.0e7,false
5,4,true,96,18,32874.31522496505,3824,494,6.17070625,45978,1.0e7,false
5,4,true,96,19,32874.31522496509,3859,456,2.836147042,45881,1.0e7,false
5,4,true,96,20,32874.3152249651,3880,457,2.691642333,45881,1.0e7,false
5,4,true,96,21,32874.31522496499,3916,483,3.697108834,45881,1.0e7,false
5,4,true,96,22,32874.315224964936,3934,490,4.328804334,45881,1.0e7,false
5,4,true,96,23,32874.315224965016,3955,475,5.153842834,45881,1.0e7,false
5,4,true,96,24,32874.31522496504,3975,480,4.637649416,45881,1.0e7,false
5,4,true,96,25,32874.31522496507,3994,456,3.257916208,45881,1.0e7,false
5,4,true,96,26,32874.31522496506,4020,496,4.062669667,45881,1.0e7,false
5,4,true,96,27,32874.31522496504,4041,508,5.403708042,45881,1.0e7,false
5,4,true,96,28,32874.315224965016,4063,482,5.235287875,45881,1.0e7,false
5,4,true,96,29,32874.315224965045,4089,503,4.356764958,46172,1.0e7,false
5,4,true,96,30,32874.31522496508,4233,473,4.780707875,45881,1.0e7,false
5,4,true,96,31,32874.3152249651,4261,500,5.501442125,46363,1.0e7,false
5,4,true,96,32,32874.31522496496,4275,482,4.7996495,46075,1.0e7,false
5,4,true,96,33,32874.31522496506,4298,499,6.131482042,45881,1.0e7,false
5,4,true,96,34,32874.31522496498,4327,509,4.642047,45881,1.0e7,false
5,4,true,96,35,32874.31522496504,4347,523,7.300981792,45881,1.0e7,false
5,4,true,96,36,32874.31522496509,4372,514,5.713169208,45881,1.0e7,false
5,4,true,96,37,32874.31522496506,4387,510,5.2823415,45881,1.0e7,false
5,4,true,96,38,32874.31522496505,4403,493,4.755289958,45881,1.0e7,false
5,4,true,96,39,32874.31522496511,4471,508,5.710767959,46170,1.0e7,false
5,4,true,96,40,32874.31522496505,4534,511,5.638500041,45881,1.0e7,false
5,4,true,96,41,32874.315224965045,4557,492,5.712938958,45881,1.0e7,false
5,4,true,96,42,32874.31522496508,4578,481,3.906658125,45881,1.0e7,false
5,4,true,96,43,32874.31522496507,4599,500,5.216347542,46168,1.0e7,false
5,4,true,96,44,32874.31522496506,4618,500,5.823153,45881,1.0e7,false
5,4,true,96,45,32874.31522496503,4635,487,5.3801505,46170,1.0e7,false
5,4,true,96,46,32874.31522496505,4662,491,4.540987875,45881,1.0e7,false
5,4,true,96,47,32874.315224965016,4678,500,5.755711917,45881,1.0e7,false
5,4,true,96,48,32874.315224965016,4697,491,5.129883875,45881,1.0e7,false
5,4,true,96,49,32874.315224965045,4713,497,5.551761708,45881,1.0e7,false
5,4,true,96,50,32874.31522496507,4734,503,5.708593709,45881,1.0e7,false
5,4,true,96,51,32874.31522496514,4752,554,5.901643041,45881,1.0e7,false
5,4,true,96,52,32874.31522496505,4768,500,5.61476475,45881,1.0e7,false
5,4,true,96,53,32874.315224965096,4870,515,8.2466925,45881,1.0e7,false
5,4,true,96,54,32874.31522496504,4889,512,8.67897375,45881,1.0e7,false
5,4,true,96,55,32874.31522496506,4935,484,4.275336667,45881,1.0e7,false
5,4,true,96,56,32874.31522496504,5014,521,5.61899925,45881,1.0e7,false
5,4,true,96,57,32874.31522496505,5027,496,6.641762958,45881,1.0e7,false
5,4,true,96,58,32874.31522496506,5040,502,6.038266917,45881,1.0e7,false
5,4,true,96,59,32874.315224965016,5056,519,5.417202334,45978,1.0e7,false
5,4,true,96,60,32874.31522496503,5077,510,7.262676666,45881,1.0e7,false
5,4,true,96,61,32874.315224965,5101,514,6.495002,45977,1.0e7,false
5,4,true,96,62,32874.31522496505,5116,497,5.417553917,45881,1.0e7,false
5,4,true,96,63,32874.31522496502,5126,519,6.008946167,45881,1.0e7,false
5,4,true,96,64,32874.315224965,5151,499,5.5375315,45881,1.0e7,false
5,4,true,96,65,32874.31522496497,5166,531,7.4098155,45881,1.0e7,false
5,4,true,96,66,32874.315224965074,5183,495,6.272115875,45881,1.0e7,false
5,4,true,96,67,32874.31522496497,5197,511,5.874168792,45881,1.0e7,false
5,4,true,96,68,32874.3152249651,5213,558,6.586953709,45881,1.0e7,false
5,4,true,96,69,32874.315224964994,5231,498,5.776621542,45881,1.0e7,false
5,4,true,96,70,32874.315224965,5250,501,6.937586542,45881,1.0e7,false
5,4,true,96,71,32874.31522496499,5269,512,5.612866542,45881,1.0e7,false
5,4,true,96,72,32874.31522496505,5291,508,7.280775458,45881,1.0e7,false
5,4,true,96,73,32874.315224964994,5315,513,8.683595958,45881,1.0e7,false
5,4,true,96,74,32874.31522496501,5333,560,10.620834333,45881,1.0e7,false
5,4,true,96,75,32874.31522496498,5346,514,6.713475708,45881,1.0e7,false
5,4,true,96,76,32874.31522496501,5369,520,7.410108542,45881,1.0e7,false
5,4,true,96,77,32874.3152249651,5389,541,9.04130075,45881,1.0e7,false
5,4,true,96,78,32874.315224964965,5408,557,8.293314208,45881,1.0e7,false
5,4,true,96,79,32874.3152249651,5427,534,7.481997,45881,1.0e7,false
5,4,true,96,80,32874.31522496504,5447,525,6.978177125,45881,1.0e7,false
5,4,true,96,81,32874.31522496499,5462,536,7.012131,45881,1.0e7,false
5,4,true,96,82,32874.31522496498,5472,508,6.759671584,45881,1.0e7,false
5,4,true,96,83,32874.315224965016,5486,552,7.987133833,45881,1.0e7,false
5,4,true,96,84,32874.31522496501,5499,526,7.366922458,45881,1.0e7,false
5,4,true,96,85,32874.31522496501,5511,547,7.979227125,45881,1.0e7,false
5,4,true,96,86,32874.315224965,5521,523,6.52702225,46752,1.0e7,false
5,4,true,96,87,32874.31522496503,5539,526,7.170844791,45881,1.0e7,false
5,4,true,96,88,32874.31522496508,5550,548,7.700636834,45881,1.0e7,false
5,4,true,96,89,32874.315224965,5562,521,6.948582333,45978,1.0e7,false
5,4,true,96,90,32874.31522496508,5576,531,9.102737333,45881,1.0e7,false
5,4,true,96,91,32874.31522496508,5595,560,7.328071041,45881,1.0e7,false
5,4,true,96,92,32874.315224964994,5607,523,7.768499084,45881,1.0e7,false
5,4,true,96,93,32874.315224964994,5619,561,8.493360083,45881,1.0e7,false
5,4,true,96,94,32874.31522496504,5632,520,6.988703,45881,1.0e7,false
5,4,true,96,95,32874.315224965074,5647,538,8.605993167,45881,1.0e7,false
5,4,true,96,96,32874.31522496504,5664,524,9.002039833,45881,1.0e7,false
5,4,true,96,97,32874.31522496513,5675,599,7.544459292,46072,1.0e7,false
5,4,true,96,98,32874.3152249651,5694,547,7.897176542,45881,1.0e7,false
5,4,true,96,99,32874.315224964994,5703,559,8.616808542,45881,1.0e7,false
5,4,true,96,100,32874.31522496505,5711,538,9.705413875,45881,1.0e7,false
5,4,true,96,101,32874.31522496503,5722,556,8.238990333,45978,1.0e7,false
5,4,true,96,102,32874.31522496491,5739,528,7.212405375,46948,1.0e7,false
5,6,true,144,1,30205.532337330704,1175,500,0.380675542,105125,1.0e7,false
5,6,true,144,2,30201.543851057057,1200,539,0.83629625,97730,1.0e7,false
5,6,true,144,3,30198.228428414674,1175,521,0.65614575,99760,1.0e7,false
5,6,true,144,4,30197.82044881758,1184,530,0.654131375,95845,1.0e7,false
5,6,true,144,5,30197.82044881757,1823,514,0.891008292,98745,1.0e7,false
5,6,true,144,6,30196.374925123422,1178,567,1.391017208,102225,1.0e7,false
5,6,true,144,7,30196.374925123393,1780,524,0.910015208,97730,1.0e7,false
5,6,true,144,8,30196.37492512337,2433,565,1.387574666,102805,1.0e7,false
5,6,true,144,9,30196.37492512338,2974,592,2.017991667,102805,1.0e7,false
5,6,true,144,10,30196.37492512335,3563,592,3.720408791,102805,1.0e7,false
5,6,true,144,11,30196.374925123422,4051,594,2.982369958,102805,1.0e7,false
5,6,true,144,12,30196.37492512336,4382,625,4.677757417,102805,1.0e7,false
5,6,true,144,13,30196.374925123353,4623,623,7.294756417,102805,1.0e7,false
5,6,true,144,14,30196.374925123408,5064,651,9.5038425,102805,1.0e7,false
5,6,true,144,15,30196.374925123364,5555,641,10.160073292,102805,1.0e7,false
5,6,true,144,16,30196.374925123397,6000,655,15.344354625,102805,1.0e7,false
5,6,true,144,17,30196.37492512337,6379,662,10.596188584,103094,1.0e7,false
5,6,true,144,18,30196.374925123426,6656,663,19.340225167,102805,1.0e7,false
5,6,true,144,19,30196.37492512337,6987,675,19.335376,102805,1.0e7,false
5,6,true,144,20,30196.374925123433,7211,676,18.189572958,102805,1.0e7,false
5,6,true,144,21,30196.374925123448,7350,665,14.9906075,102805,1.0e7,false
5,6,true,144,22,30196.37492512342,7511,677,24.268562834,102805,1.0e7,false
5,6,true,144,23,30196.37492512347,7547,663,18.650595,102805,1.0e7,false
5,6,true,144,24,30196.374925123368,7573,674,19.384335083,102805,1.0e7,false
5,6,true,144,25,30196.374925123422,7731,670,20.7350685,103526,1.0e7,false
5,6,true,144,26,30196.374925123433,8065,663,24.418924458,102805,1.0e7,false
5,6,true,144,27,30196.374925123404,8209,663,23.259186709,102805,1.0e7,false
5,6,true,144,28,30196.374925123324,8244,666,19.762485875,103820,1.0e7,false
5,6,true,144,29,30196.37492512341,8346,674,24.28412775,102805,1.0e7,false
5,6,true,144,30,30196.37492512344,8420,673,21.376769667,102805,1.0e7,false
5,6,true,144,31,30196.3749251234,8682,689,30.84638825,102805,1.0e7,false
5,6,true,144,32,30196.374925123393,8819,682,27.569079292,103093,1.0e7,false
5,6,true,144,33,30196.37492512346,8905,693,23.7443355,102805,1.0e7,false
5,6,true,144,34,30196.374925123397,9101,675,29.673338208,102805,1.0e7,false
5,6,true,144,35,30196.37492512338,9132,704,25.9980245,102805,1.0e7,false
5,6,true,144,36,30196.374925123368,9162,700,24.009070167,102805,1.0e7,false
5,6,true,144,37,30196.37492512339,9189,702,29.620266417,103238,1.0e7,false
5,6,true,144,38,30196.37492512337,9337,728,28.937451375,102948,1.0e7,false
5,6,true,144,39,30196.3749251235,9368,710,36.318302375,103816,1.0e7,false
5,6,true,144,40,30196.374925123386,9398,736,40.877467791,102805,1.0e7,false
5,6,true,144,41,30196.37492512337,9427,748,28.335403209,102805,1.0e7,false
5,6,true,144,42,30196.37492512342,9584,737,30.828926041,102805,1.0e7,false
5,6,true,144,43,30196.374925123346,9613,720,30.648077166,102950,1.0e7,false
5,6,true,144,44,30196.374925123437,9762,716,38.520788709,102950,1.0e7,false
5,6,true,144,45,30196.374925123426,9797,739,37.844059125,103238,1.0e7,false
5,6,true,144,46,30196.37492512344,9904,731,44.5363205,102948,1.0e7,false
5,6,true,144,47,30196.37492512339,10025,762,42.5194465,102805,1.0e7,false
5,6,true,144,48,30196.374925123364,10063,738,32.010975583,102805,1.0e7,false
5,6,true,144,49,30196.37492512343,10277,749,33.917432542,103093,1.0e7,false
5,6,true,144,50,30196.374925123397,10396,731,37.265115333,102949,1.0e7,false
5,6,true,144,51,30196.37492512339,10426,747,32.31309775,102950,1.0e7,false
5,6,true,144,52,30196.374925123386,10450,747,37.690376167,102805,1.0e7,false
5,6,true,144,53,30196.37492512342,10480,730,36.781709083,103094,1.0e7,false
5,6,true,144,54,30196.37492512345,10563,781,35.956382959,102805,1.0e7,false
5,6,true,144,55,30196.374925123426,10696,748,35.67035675,102805,1.0e7,false
5,6,true,144,56,30196.374925123455,10721,757,35.332189125,102805,1.0e7,false
5,6,true,144,57,30196.374925123375,10756,746,44.484254292,102805,1.0e7,false
5,6,true,144,58,30196.374925123433,10839,750,38.86130725,104681,1.0e7,false
5,6,true,144,59,30196.37492512341,10870,741,39.038959916,102805,1.0e7,false
5,6,true,144,60,30196.37492512342,10899,744,41.229895875,102950,1.0e7,false
5,6,true,144,61,30196.374925123248,11042,787,47.186272,103819,1.0e7,false
5,6,true,144,62,30196.37492512341,11185,799,46.50356175,102805,1.0e7,false
5,6,true,144,63,30196.37492512344,11214,758,37.115912916,102805,1.0e7,false
5,6,true,144,64,30196.37492512357,11308,745,38.233074167,106711,1.0e7,false
5,6,true,144,65,30196.374925123473,11444,747,38.634423542,105120,1.0e7,false
5,6,true,144,66,30196.374925123415,11475,776,58.97030075,102805,1.0e7,false
5,6,true,144,67,30196.374925123335,11505,785,38.647563792,103958,1.0e7,false
5,6,true,144,68,30196.37492512341,11529,767,35.407372541,103095,1.0e7,false
5,6,true,144,69,30196.374925123342,11554,742,45.032251959,102805,1.0e7,false
5,6,true,144,70,30196.374925123466,11585,752,49.57168825,104247,1.0e7,false
5,6,true,144,71,30196.374925123502,11607,750,42.272111792,102949,1.0e7,false
5,6,true,144,72,30196.374925123408,11639,756,43.475951958,102805,1.0e7,false
5,6,true,144,73,30196.37492512345,11673,848,45.024416625,103382,1.0e7,false
5,6,true,144,74,30196.37492512341,11701,805,44.58184675,102805,1.0e7,false
5,6,true,144,75,30196.374925123342,11726,821,53.567141667,102805,1.0e7,false
5,6,true,144,76,30196.37492512343,11749,763,48.18591775,102949,1.0e7,false
5,6,true,144,77,30196.374925123342,11777,771,41.241300334,103094,1.0e7,false
5,6,true,144,78,30196.374925123335,11804,777,45.081056375,102805,1.0e7,false
5,6,true,144,79,30196.374925123397,11833,736,54.295869959,102805,1.0e7,false
5,6,true,144,80,30196.374925123488,11859,844,58.590485292,104395,1.0e7,false
5,6,true,144,81,30196.374925123466,11974,830,42.031402083,102946,1.0e7,false
5,6,true,144,82,30196.374925123415,12003,791,43.67600925,102805,1.0e7,false
5,6,true,144,83,30196.374925123462,12024,784,46.963597292,102949,1.0e7,false
5,6,true,144,84,30196.374925123444,12058,777,48.920587375,102805,1.0e7,false
5,6,true,144,85,30196.37492512337,12080,843,43.0106945,102805,1.0e7,false
5,6,true,144,86,30196.37492512341,12112,803,52.775588167,102805,1.0e7,false
5,6,true,144,87,30196.374925123415,12133,760,46.80420775,103232,1.0e7,false
5,6,true,144,88,30196.374925123375,12154,727,41.859880083,102805,1.0e7,false
5,6,true,144,89,30196.374925123455,12264,792,43.183981666,104539,1.0e7,false
5,6,true,144,90,30196.37492512341,12284,786,49.046930625,103956,1.0e7,false
5,6,true,144,91,30196.374925123342,12303,776,44.329005208,103805,1.0e7,false
5,6,true,144,92,30196.374925123386,12325,774,53.336900125,103093,1.0e7,false
5,6,true,144,93,30196.374925123342,12343,770,56.784551792,103093,1.0e7,false
5,6,true,144,94,30196.374925123382,12366,801,46.911706125,102949,1.0e7,false
5,6,true,144,95,30196.374925123444,12393,825,42.386950417,102949,1.0e7,false
5,6,true,144,96,30196.374925123382,12418,795,44.744285,103806,1.0e7,false
5,6,true,144,97,30196.374925123375,12437,781,48.602750791,102805,1.0e7,false
5,6,true,144,98,30196.37492512334,12461,799,44.35821075,103670,1.0e7,false
5,6,true,144,99,30196.374925123404,12482,803,45.270461583,104106,1.0e7,false
5,6,true,144,100,30196.374925123517,12498,829,44.644355667,103092,1.0e7,false
5,6,true,144,101,30196.37492512343,12527,847,50.39825125,102805,1.0e7,false
5,6,true,144,102,30196.37492512339,12551,798,46.402199292,102805,1.0e7,false
5,6,true,144,103,30196.374925123415,12653,803,50.166131209,102805,1.0e7,false
5,6,true,144,104,30196.374925123342,12671,890,54.095067375,103240,1.0e7,false
5,6,true,144,105,30196.37492512337,12695,819,43.772563083,103088,1.0e7,false
5,6,true,144,106,30196.374925123593,12723,881,63.011176625,106280,1.0e7,false
5,8,true,192,1,28460.486896426253,1572,657,0.74278775,186438,1.0e7,false
5,8,true,192,2,28426.31313112049,1515,689,1.21910175,176016,1.0e7,false
5,8,true,192,3,28415.459595884397,1568,679,1.08164425,175244,1.0e7,false
5,8,true,192,4,28399.23655958449,1589,682,1.9488865,175051,1.0e7,false
5,8,true,192,5,28391.642064284202,1556,685,1.393939125,178525,1.0e7,false
5,8,true,192,6,28390.135971071322,2490,677,1.386941917,176788,1.0e7,true
5,8,true,192,7,28374.38427058205,1525,774,2.388967917,181806,1.0e7,false
5,8,true,192,8,28372.514528897747,1578,678,1.098434,167138,1.0e7,false
5,8,true,192,9,28371.75485647005,1567,676,1.607542083,176788,1.0e7,false
5,8,true,192,10,28367.065656140203,1565,673,1.516802625,175244,1.0e7,false
5,8,true,192,11,28367.065656140192,2461,694,1.585789083,176595,1.0e7,false
5,8,true,192,12,28367.06565614016,3349,772,2.323204917,181613,1.0e7,false
5,8,true,192,13,28362.65706689556,1556,778,3.422773042,183157,1.0e7,false
5,8,true,192,14,28362.34379138089,1544,698,1.548564333,171577,1.0e7,false
5,8,true,192,15,28362.343791380907,2381,685,1.756782958,176209,1.0e7,false
5,8,true,192,16,28361.163717640055,1519,747,1.854771458,182192,1.0e7,false
5,8,true,192,17,28361.0445121439,1561,709,1.634559959,172735,1.0e7,false
5,8,true,192,18,28361.044512143904,2387,706,1.505973125,177946,1.0e7,false
5,8,true,192,19,28360.76963304691,1536,729,2.552264209,182771,1.0e7,false
5,8,true,192,20,28360.205764113245,1538,701,1.507401125,176016,1.0e7,false
5,8,true,192,21,28360.205764113216,2386,704,1.725547083,175051,1.0e7,false
5,8,true,192,22,28360.205764113172,3209,741,2.354510584,182578,1.0e7,false
5,8,true,192,23,28359.657162674102,1424,756,3.105042333,182192,1.0e7,false
5,8,true,192,24,28359.657162674182,2305,686,1.512445833,179490,1.0e7,true
5,8,true,192,25,28359.65716267415,3104,765,2.767005333,181999,1.0e7,false
5,8,true,192,26,28359.597692913176,1528,762,3.270000791,182385,1.0e7,false
5,8,true,192,27,28359.597692913125,2372,697,1.230399834,172735,1.0e7,false
5,8,true,192,28,28359.597692913074,3201,733,2.385286875,182385,1.0e7,false
5,8,true,192,29,28359.59769291311,4051,762,3.974610375,182385,1.0e7,false
5,8,true,192,30,28359.597692913114,4850,775,5.120993708,182385,1.0e7,false
5,8,true,192,31,28359.59769291316,5628,773,4.498252542,182385,1.0e7,false
5,8,true,192,32,28359.59769291313,6473,773,11.892742666,182385,1.0e7,false
5,8,true,192,33,28359.597692913114,7262,819,12.805292084,182578,1.0e7,true
5,8,true,192,34,28359.597692913205,8014,811,17.564192166,182385,1.0e7,false
5,8,true,192,35,28359.59769291314,8481,838,27.570582375,182385,1.0e7,false
5,8,true,192,36,28359.355287374983,968,848,31.318430167,182385,1.0e7,false
5,8,true,192,37,28359.355287374998,1797,721,1.171805625,108852,1.0e7,false
5,8,true,192,38,28359.355287374983,2616,745,1.6724235,178718,1.0e7,false
5,8,true,192,39,28359.355287374987,3413,826,2.674541292,181613,1.0e7,false
5,8,true,192,40,28359.35528737498,4088,839,3.907057167,182385,1.0e7,false
5,8,true,192,41,28359.355287374965,4803,831,4.687382792,182385,1.0e7,false
5,8,true,192,42,28359.355287374983,5603,844,7.190163375,182385,1.0e7,false
5,8,true,192,43,28359.355287374932,6280,869,9.192626209,182385,1.0e7,false
5,8,true,192,44,28359.355287374965,6870,871,11.671624583,182385,1.0e7,false
5,8,true,192,45,28359.35528737495,7390,862,9.569202166,182385,1.0e7,false
5,8,true,192,46,28359.355287374958,7973,871,15.71706575,182385,1.0e7,false
5,8,true,192,47,28359.355287374954,8213,891,30.818737416,182385,1.0e7,false
5,8,true,192,48,28359.35528737493,8264,859,26.415696125,182385,1.0e7,false
5,8,true,192,49,28359.35528737498,8263,867,30.278977667,182385,1.0e7,false
5,10,true,240,1,27905.60851062765,1903,748,1.665123541,292815,1.0e7,false
5,10,true,240,2,27461.569277780574,1913,852,1.991391917,282934,1.0e7,false
5,10,true,240,3,27380.748546049774,1947,875,2.604626958,287272,1.0e7,false
5,10,true,240,4,27325.318993044777,1984,864,2.250343042,286067,1.0e7,false
5,10,true,240,5,27306.61118756376,1930,869,2.766322334,279801,1.0e7,false
5,10,true,240,6,27291.45428186372,1991,864,2.548640375,283898,1.0e7,false
5,10,true,240,7,27277.39656790972,1993,879,2.615428041,285103,1.0e7,false
5,10,true,240,8,27274.53000622636,1977,844,2.751083584,278114,1.0e7,false
5,10,true,240,9,27265.236501564734,1895,834,2.953040292,280765,1.0e7,false
5,10,true,240,10,27261.4012496456,1972,837,2.739497625,275945,1.0e7,false
5,10,true,240,11,27257.900821581155,1913,833,2.600552459,283416,1.0e7,false
5,10,true,240,12,27257.4410839381,1980,842,2.937544209,283416,1.0e7,false
5,10,true,240,13,27255.37459125652,1965,828,2.544351292,280765,1.0e7,false
5,10,true,240,14,27250.464723429242,1971,858,2.825810417,283416,1.0e7,false
5,10,true,240,15,27247.15730768497,1927,849,2.545588709,283898,1.0e7,false
5,10,true,240,16,27246.631669609433,1930,861,2.727861584,284139,1.0e7,false
5,10,true,240,17,27246.277368550378,1970,838,2.716984333,282211,1.0e7,false
5,10,true,240,18,27246.27736855037,3081,838,2.416939458,286790,1.0e7,true
5,10,true,240,19,27246.256138541165,1968,912,4.110883458,285344,1.0e7,false
5,10,true,240,20,27244.155270449377,1980,843,2.570888625,281488,1.0e7,false
5,10,true,240,21,27244.155270449246,3065,856,2.838983959,286549,1.0e7,false
5,10,true,240,22,27242.742168942103,1986,953,4.175429584,284621,1.0e7,false
5,10,true,240,23,27242.604472801537,1937,858,3.062642792,277391,1.0e7,false
5,10,true,240,24,27242.60447280153,3003,847,3.150505,278355,1.0e7,false
5,10,true,240,25,27242.604472801522,4080,926,5.159065958,285344,1.0e7,false
5,10,true,240,26,27242.604472801555,5162,962,7.574835375,285344,1.0e7,false
5,10,true,240,27,27242.46076379195,1971,996,8.139562167,284621,1.0e7,false
5,10,true,240,28,27242.460763791943,3019,868,3.27275875,279319,1.0e7,false
5,10,true,240,29,27242.46076379194,4090,944,5.990218458,284862,1.0e7,false
5,10,true,240,30,27241.829278237372,1992,996,7.834907917,285344,1.0e7,false
5,10,true,240,31,27241.58765298509,1960,889,3.366914167,278114,1.0e7,false
5,10,true,240,32,27241.55686239849,1964,887,3.413930167,282211,1.0e7,false
5,10,true,240,33,27241.55686239846,3040,895,3.038547041,281488,1.0e7,false
5,10,true,240,34,27241.556862398487,4114,953,5.856908167,286067,1.0e7,false
5,10,true,240,35,27241.50714234832,1991,1001,6.693255334,285585,1.0e7,false
5,10,true,240,36,27241.507142348266,3038,890,3.255808667,279560,1.0e7,false
5,10,true,240,37,27241.507142348342,4095,967,4.940048458,285344,1.0e7,false
5,10,true,240,38,27241.50714234842,5158,989,9.269809542,285826,1.0e7,false
5,10,true,240,39,27241.507142348324,6227,1029,9.954732708,285344,1.0e7,false
5,10,true,240,40,27241.507142348277,7305,1036,18.487179416,285585,1.0e7,false
5,10,true,240,41,27240.8603852126,2057,1087,23.654750334,285344,1.0e7,false
5,10,true,240,42,27240.86038521264,3031,948,3.190665583,274017,1.0e7,false
5,10,true,240,43,27240.86038521264,4083,1019,5.715932625,285344,1.0e7,false
5,10,true,240,44,27240.810552459858,2014,1037,9.035085375,284862,1.0e7,false
5,10,true,240,45,27240.810552459818,3045,952,3.346806417,279801,1.0e7,false
5,10,true,240,46,27240.81055245989,4083,1031,5.170368375,284380,1.0e7,false
5,10,true,240,47,27240.810552459803,5136,1061,6.058860875,284621,1.0e7,false
5,10,true,240,48,27240.81055245985,6181,1057,11.250056666,284621,1.0e7,false
5,10,true,240,49,27240.810552459872,7240,1083,15.437403042,284621,1.0e7,false
5,10,true,240,50,27240.810552459905,8275,1121,27.279594708,284621,1.0e7,false
5,10,true,240,51,27240.81055245987,9246,1168,60.523796458,284621,1.0e7,false
5,10,true,240,52,27240.810552459883,10014,1163,47.779019959,284621,1.0e7,false
5,10,true,240,53,27240.81055245984,10952,1206,62.011502333,284860,1.0e7,false
5,10,true,240,54,27240.810552459832,11831,1208,106.301935417,285581,1.0e7,false
5,10,true,240,55,27240.810552459858,12622,1220,118.44239825,284621,1.0e7,false
5,10,true,240,56,27240.810552459843,13384,1255,111.45413675,284621,1.0e7,false
5,10,true,240,57,27240.81055245991,13856,1191,96.228442834,284621,1.0e7,false
5,10,true,240,58,27240.81055245981,14487,1284,139.365736,285823,1.0e7,false
5,10,true,240,59,27240.81055245982,14766,1344,147.490625542,285103,1.0e7,false
5,10,true,240,60,27240.81055245978,15419,1280,212.1210125,288231,1.0e7,false
5,10,true,240,61,27240.810552459916,15654,1313,122.400769916,284621,1.0e7,false
5,10,true,240,62,27240.810552459796,16022,1287,189.40794625,284621,1.0e7,false
5,10,true,240,63,27240.81055245992,16028,1297,148.963718084,285825,1.0e7,false
5,10,true,240,64,27240.81055245979,16152,1318,182.993529042,284621,1.0e7,false
5,10,true,240,65,27240.81055245998,16539,1271,209.268859125,285826,1.0e7,false
5,10,true,240,66,27240.810552459916,16627,1292,188.179124375,286300,1.0e7,false
5,10,true,240,67,27240.81055245978,16929,1401,254.643245875,286549,1.0e7,false
5,10,true,240,68,27240.810552459847,17193,1383,253.916259875,284621,1.0e7,false
5,10,true,240,69,27240.810552459792,17705,1543,215.165006333,284860,1.0e7,false
5,10,true,240,70,27240.81055245983,17860,1319,256.372938375,284621,1.0e7,false
5,10,true,240,71,27240.810552459734,18053,1392,241.435880625,285344,1.0e7,false
5,10,true,240,72,27240.810552459727,18313,1367,226.699628041,286546,1.0e7,false
5,10,true,240,73,27240.81055245971,18681,1293,305.628171834,285825,1.0e7,false
5,10,true,240,74,27240.810552459818,18758,1295,208.351052334,284621,1.0e7,false
5,10,true,240,75,27240.81055245981,19030,1299,219.022088,284862,1.0e7,false
5,10,true,240,76,27240.810552459934,19221,1369,216.956496167,294473,1.0e7,false
5,10,true,240,77,27240.810552459843,19654,1425,293.687128875,284621,1.0e7,false
5,10,true,240,78,27240.8105524598,19711,1455,236.580473875,284621,1.0e7,false
5,10,true,240,79,27240.810552459883,19772,1308,250.953448125,284862,1.0e7,false
5,10,true,240,80,27240.810552459905,19938,1349,291.931821333,285103,1.0e7,false
5,10,true,240,81,27240.810552459905,20379,1327,270.184336625,284621,1.0e7,false
5,10,true,240,82,27240.810552459763,20662,1338,249.549881958,284621,1.0e7,false
5,10,true,240,83,27240.81055245984,20767,1471,245.698412291,289923,1.0e7,false
5,10,true,240,84,27240.81055245985,21120,1382,293.281261833,286991,1.0e7,false
5,10,true,240,85,27240.810552459832,21267,1394,277.482380916,285583,1.0e7,false
5,10,true,240,86,27240.81055245984,21403,1477,358.152216375,286789,1.0e7,false
5,10,true,240,87,27240.810552459912,21816,1376,356.68366125,286790,1.0e7,false
5,10,true,240,88,27240.810552459876,21987,1324,327.203879792,285344,1.0e7,false
5,10,true,240,89,27240.810552459792,22114,1340,232.193353333,285809,1.0e7,false
5,10,true,240,90,27240.810552459698,22170,1654,253.170474292,287266,1.0e7,false
5,10,true,240,91,27240.810552459887,22309,1356,319.620282917,284621,1.0e7,false
5,10,true,240,92,27240.810552459712,22383,1439,347.814981541,284621,1.0e7,false
5,10,true,240,93,27240.810552459807,22515,1379,349.913213542,287260,1.0e7,false
5,10,true,240,94,27240.810552459814,22831,1339,272.72411225,284842,1.0e7,false
